代码,名称,所属行业
A,安捷伦科技,诊断与研究
AAN,"Aaron's, Inc.",租赁服务
AAP,Advance Auto Parts,专业零售
AAPL,苹果,消费电子品
ABBV,艾伯维公司,药品制造商 - 一般
ABCB,ABC银行,银行 - 地区性
ABEV,Ambev SA,饮料 - 啤酒
ABG,阿斯伯里汽车,汽车和卡车经销权
ABM,反导工业,专业商务服务
ABNB,爱彼迎,旅游服务
ABR,阿伯房地产信托,房地产投资信托 - 抵押
ABT,雅培,医疗设备
ACA,Arcosa,工程建设
ACGL,艾奇资本,保险 - 多元化
ACHC,阿卡迪亚医疗保健,医疗设施
ACIC,American Coastal Insurance,保险 - 财产和伤亡
ACN,埃森哲,信息技术服务
ACVA,ACV Auctions,汽车和卡车经销权
ADBE,Adobe,软件 - 基础架构
ADEA,Adeia,软件 - 应用
ADI,亚德诺,半导体
ADM,Archer Daniels Midland,农产品
ADP,自动数据处理,人员配备和就业服务
ADPT,Adaptive Biotechnologies,生物技术
ADSK,欧特克,软件 - 应用
ADT,ADT Inc,安全与防护服务
ADTN,亚川,通讯设备
AEG,荷兰全球保险,保险 - 多元化
AEIS,先进能源工业,电气设备及零件
AEL,美国股票投资寿险,保险 - 人寿
AEM,伊格尔矿业,黄金
AEO,美鹰服饰,服装零售
AEP,美国电力,公用事业 - 受监管电力
AER,AerCap飞机租赁,租赁服务
AES,AES发电,公用事业 - 多元化
AFG,美国金融,保险 - 财产和伤亡
AFL,美国家庭寿险,保险 - 人寿
AGCO,爱科集团,农用及重型工程机械
AGI,Alamos Gold,黄金
AGL,Agilon Health,医疗设施
AGO,Assured Guaranty,保险 - 专业
AGRO,Adecoagro,农产品
AGS,PlayAGS,博彩
AGYS,阿吉赛斯,软件 - 应用
AHCO,AdaptHealth,医疗设备
AHH,Armada Hoffler Properties,房地产投资信托 - 多元化
AIG,美国国际集团,保险 - 多元化
AIR,AAR Corp,航空航天和国防
AJG,亚瑟加拉格尔,保险经纪人
AL,航空租赁公司,租赁服务
ALC,Alcon,医疗设备和用品
ALCC,AltC Acquisition,空壳公司
ALE,阿里特,公用事业 - 多元化
ALEX,亚历山大与鲍德温公司,房地产投资信托 - 零售
ALG,阿拉莫,农用及重型工程机械
ALGN,艾利科技,医疗设备
ALGT,忠诚旅游,航空公司
ALIT,Alight,软件 - 应用
ALK,阿拉斯加航空,航空公司
ALL,好事达,保险 - 财产和伤亡
ALLE,Allegion,安全与防护服务
ALLY,Ally Financial,信贷服务
ALNY,阿里拉姆制药,生物技术
ALRM,Alarm.com,软件 - 应用
ALSN,艾里逊变速箱,汽车零件
ALV,奥托立夫,汽车零件
ALVO,Alvotech,药品制造商 - 专业和通用
AM,Antero Midstream,石油和天然气中游
AMAT,应用材料,半导体设备与材料
AMBA,安霸,半导体设备与材料
AMD,美国超微公司,半导体
AME,阿美特克,特种工业机械
AMG,Affiliated Managers,资产管理
AMGN,安进,药品制造商 - 一般
AMH,American Homes 4 Rent,房地产投资信托 - 住宅
AMKR,艾马克技术,半导体设备与材料
AMLX,Amylyx Pharmaceuticals,生物技术
AMN,AMN医疗保健服务,医疗设施
AMP,阿莫斯莱斯金融,资产管理
AMPY,Amplify Energy,石油和天然气勘探及生产
AMR,Alpha Metallurgical,石油和天然气勘探及生产
AMRK,A-Mark Precious Metals,资本市场
AMSC,美国超导,特种工业机械
AMT,美国电塔,房地产投资信托 - 专业
AMX,美洲移动,电信服务
AMZN,亚马逊,互联网零售
AN,车之国公司,汽车和卡车经销权
ANET,Arista Networks,电脑硬件
ANF,爱芬奇,服装零售
ANSS,安斯科技,软件 - 应用
AON,怡安保险,保险经纪人
AORT,Artivion,医疗设备
AOS,A.O.史密斯,特种工业机械
AOSL,阿尔法和欧米伽半导体,半导体
APA,阿帕奇石油,石油和天然气勘探及生产
APD,Air Products & Chemicals,特种化学品
APG,APi Group,工程建设
APGE,Apogee Therapeutics,生物技术
APH,安诺电子,电子元器件
APO,阿波罗全球管理,资产管理
APPF,Appfolio,软件 - 应用
APTV,Aptiv PLC,汽车零件
AQU,Aquaron Acquisition Corp,空壳公司
AR,Antero Resources,石油和天然气勘探及生产
ARCH,Arch Resources,焦练煤
ARE,亚历山大房地产,房地产投资信托 - 写字楼
ARES,Ares Management,资产管理
ARLP,Alliance Resource,动力煤
ARM,Arm Holdings,半导体
AROC,Archrock,石油和天然气设备与服务
ARW,艾睿,电子与计算机分销
ASH,Ashland,特种化学品
ASIX,AdvanSix,化工品
ASML,阿斯麦,半导体设备与材料
ASND,Ascendis Pharma A/S,生物技术
ASO,Academy,专业零售
ASTE,Astec Industries,农用及重型工程机械
ASX,日月光半导体,半导体
ATHM,汽车之家,互联网内容与信息
ATI,ATI Inc,金属加工
ATKR,Atkore,电气设备及零件
ATMU,Atmus Filtration Technologies,污染与处理控制
ATO,Atmos Energy,公用事业 - 受监管天然气
ATR,AptarGroup,医疗设备和用品
ATS,ATS Corp,特种工业机械
ATUS,Altice USA,电信服务
AU,AngloGold Ashanti,黄金
AUR,Aurora Innovation,信息技术服务
AVB,阿湾物产,房地产投资信托 - 住宅
AVDX,AvidXchange,软件 - 基础架构
AVGO,博通,半导体
AVNW,阿维亚网络,通讯设备
AVT,安富利,电子与计算机分销
AVTR,Avantor,特种化学品
AWI,阿姆斯特朗工业,建筑产品及设备
AX,Axos Financial,银行 - 地区性
AXL,American Axle & Mfg,汽车零件
AXP,美国运通,信贷服务
AXS,埃克斯资本,保险 - 专业
AXTA,艾仕得涂料系统,特种化学品
AYI,Acuity Brands,电气设备及零件
AZN,阿斯利康,药品制造商 - 一般
AZO,汽车地带,专业零售
AZPN,艾斯本科技,软件 - 应用
AZUL,Azul SA,航空公司
B,巴恩斯,特种工业机械
BA,波音,航空航天和国防
BABA,阿里巴巴,互联网零售
BAC,美国银行,银行 - 多元化
BAH,博思艾伦咨询公司,咨询服务
BALL,鲍尔包装,包装与容器
BAM,布鲁克菲尔德资产管理,资产管理
BATL,Battalion Oil,石油和天然气勘探及生产
BAX,百特国际,医疗设备和用品
BB,黑莓,软件 - 基础架构
BBD,布拉德斯科银行-Preferred,银行 - 地区性
BBDC,Barings BDC,资产管理
BBIO,BridgeBio Pharma,生物技术
BBWI,Bath & Body Works,专业零售
BBY,百思买,专业零售
BC,宾士域,休闲车
BCC,Boise Cascade,建筑材料
BDC,百通公司,通讯设备
BDX,碧迪医疗,医疗设备和用品
BEKE,贝壳,房地产服务
BEN,Franklin Resources,资产管理
BEPC,Brookfield Renewable,公用事业 - 可再生
BERY,Berry Global Group,包装与容器
BFAM,Bright Horizons Family Solutions,个性化服务
BFH,Bread Financial,信贷服务
BGC,BGC Group,资本市场
BGS,B&G食品,包装食品
BHC,Bausch Health,药品制造商 - 专业和通用
BHE,Benchmark Electronics,电子元器件
BHF,Brighthouse Financial,保险 - 人寿
BIDU,百度,互联网内容与信息
BIG,必乐透,折扣店
BIIB,渤健公司,药品制造商 - 一般
BILL,BILL Holdings,软件 - 应用
BIO,Bio-Rad实验室,医疗设备
BIRK,勃肯,鞋类及配件
BJRI,BJ's餐饮,餐厅
BK,纽约梅隆银行,资产管理
BKE,巴克尔,服装零售
BKH,黑山,公用事业 - 受监管天然气
BKNG,Booking Holdings,旅游服务
BKR,Baker Hughes,石油和天然气设备与服务
BL,BlackLine,软件 - 应用
BLBD,Blue Bird,汽车制造商
BLCO,博士伦,医疗设备和用品
BLDR,Builders FirstSource,建筑产品及设备
BLK,贝莱德,资产管理
BLMN,Bloomin Brands,餐厅
BLND,Blend Labs,软件 - 应用
BMBL,Bumble,软件 - 应用
BMRN,拜玛林制药,生物技术
BMY,施贵宝,药品制造商 - 一般
BN,Brookfield,资产管理
BNRE,Brookfield Reinsurance,保险 - 再保险
BNS,丰业银行,银行 - 多元化
BOKF,BOK银行,银行 - 地区性
BOOT,Boot Barn Holdings,服装零售
BOWL,Bowlero,休闲
BP,英国石油,石油和天然气综合
BPMC,Blueprint Medicines,生物技术
BR,Broadridge金融解决方案,信息技术服务
BRC,布雷迪,安全与防护服务
BRCC,BRC Inc,包装食品
BRKR,布鲁克,医疗设备
BRLT,Brilliant Earth,奢侈品
BRO,Brown & Brown,保险经纪人
BROS,Dutch Bros,餐厅
BRX,Brixmor Property Group,房地产投资信托 - 零售
BRY,贝利石油,石油和天然气勘探及生产
BSM,Black Stone Minerals,石油和天然气勘探及生产
BSX,波士顿科学,医疗设备
BTG,B2Gold,黄金
BTI,英美烟草,烟草
BUD,百威英博,饮料 - 啤酒
BUR,Burford Capital,资产管理
BURL,伯灵顿百货,服装零售
BVFL,BV Financial,银行 - 地区性
BVS,Bioventus,医疗设备
BWA,博格华纳,汽车零件
BWMN,Bowman Consulting,工程建设
BWXT,BWX Technologies,航空航天和国防
BX,黑石,资产管理
BXP,波士顿物产,房地产投资信托 - 写字楼
BYD,博伊德赌场,渡假村和赌场
BZH,贝哲房屋,住宅施工
C,花旗集团,银行 - 多元化
CABO,Cable One,电信服务
CACC,Credit Acceptance,信贷服务
CACI,CACI国际,信息技术服务
CAG,康尼格拉,包装食品
CAH,卡地纳健康,医疗分配
CAKE,芝乐坊餐馆,餐厅
CAR,安飞士,租赁服务
CARA,Cara Therapeutics,生物技术
CARR,开利全球,建筑产品及设备
CARS,Cars.com,汽车和卡车经销权
CART,Instacart(Maplebear),互联网零售
CAT,卡特彼勒,农用及重型工程机械
CATO,加图商场,服装零售
CAVA,CAVA Group,餐厅
CB,安达保险,保险 - 财产和伤亡
CBL,CBL & Associates Properties,房地产投资信托 - 零售
CBOE,芝加哥期权交易所,财务数据与证券交易所
CBRE,世邦魏理仕,房地产服务
CBRL,CB乡村店,餐厅
CBUS,Cibus Inc,生物技术
CCAP,Crescent Capital BDC,资产管理
CCCS,CCC Intelligent Solutions Holdings,软件 - 基础架构
CCI,冠城国际,房地产投资信托 - 专业
CCJ,Cameco,铀
CCK,皇冠控股,包装与容器
CCL,嘉年华邮轮,旅游服务
CCU,智利CCU啤酒,饮料 - 啤酒
CDE,科尔黛伦矿业,黄金
CDLX,Cardlytics,广告代理
CDNA,CareDx,诊断与研究
CDNS,铿腾电子,软件 - 应用
CDW,CDW Corp,信息技术服务
CE,塞拉尼斯,化工品
CECO,CECO环保,污染与处理控制
CEG,Constellation Energy,公用事业 - 可再生
CEIX,CONSOL Energy,动力煤
CELH,Celsius Holdings,饮料 - 非酒精饮料
CENX,世纪铝业,铝
CET,Central Securities Corp.,资产管理
CETU,Cetus Capital Acquisition Corp,空壳公司
CEVA,CEVA Inc,半导体
CFG,Citizens Financial,银行 - 地区性
CFLT,Confluent,软件 - 基础架构
CG,凯雷,资产管理
CGEN,Compugen医疗,生物技术
CGNX,康耐视,科技仪器
CHCT,Community Healthcare Trust,房地产投资信托 - 医疗保健设施
CHD,丘奇&德怀特,家用和个人产品
CHDN,Churchill Downs,博彩
CHEF,The Chefs' Warehouse,食物分配
CHH,精选国际酒店,住宿
CHK,切萨皮克能源,石油和天然气勘探及生产
CHRS,Coherus BioSciences,生物技术
CHRW,罗宾逊物流,综合货运与物流
CHTR,特许通讯,电信服务
CHUY,Chuy's Holdings,餐厅
CI,信诺,医疗计划
CIEN,Ciena,通讯设备
CIGI,高力国际集团,房地产服务
CIVI,Civitas Resources,石油和天然气勘探及生产
CL,高露洁,家用和个人产品
CLB,Core Laboratories,石油和天然气设备与服务
CLCO,Cool Co,石油和天然气中游
CLDT,Chatham Lodging信托,房地产投资信托 - 酒店和汽车旅馆
CLF,克利夫兰克里夫,钢
CLPR,Clipper Realty,房地产投资信托 - 住宅
CLVT,Clarivate,信息技术服务
CLX,高乐氏,家用和个人产品
CMA,联信银行,银行 - 地区性
CMAX,CareMax,健康信息服务
CMC,美国工商五金公司,钢
CMCO,哥伦布-麦金农,农用及重型工程机械
CME,芝加哥商品交易所,财务数据与证券交易所
CMG,奇波雷墨西哥烧烤,餐厅
CMI,康明斯,特种工业机械
CMPR,Cimpress,广告代理
CNA,CNA金融,保险 - 财产和伤亡
CNC,康西哥,医疗计划
CNDT,Conduent,信息技术服务
CNHI,凯斯纽,农用及重型工程机械
CNI,加拿大国家铁路,铁路
CNK,喜满客影城,娱乐
CNM,Core & Main,产业分布
CNO,康塞科,保险 - 人寿
CNQ,加拿大自然资源,石油和天然气勘探及生产
CNX,康索尔能源,石油和天然气勘探及生产
CNXC,Concentrix,信息技术服务
COF,第一资本信贷,信贷服务
COHR,Coherent,科技仪器
COHU,科休半导体,半导体设备与材料
COIN,Coinbase,财务数据与证券交易所
COLL,Collegium Pharmaceutical,药品制造商 - 专业和通用
COMM,CommScope,通讯设备
COOP,Mr. Cooper Group,抵押金融
COP,康菲石油,石油和天然气勘探及生产
COST,好市多,折扣店
COYA,Coya Therapeutics,生物技术
CP,加拿大太平洋铁路,铁路
CPA,科帕控股,航空公司
CPAY,Corpay,软件 - 基础架构
CPB,金宝汤,包装食品
CPNG,Coupang,互联网零售
CPRI,Capri Holdings,奢侈品
CPRT,科帕特,专业商务服务
CPT,卡姆登物业信托,房地产投资信托 - 住宅
CR,Crane,特种工业机械
CRBU,Caribou Biosciences,生物技术
CRC,加州资源,石油和天然气勘探及生产
CRDO,Credo Technology,通讯设备
CRGX,CARGO Therapeutics,生物技术
CRH,CRH水泥,建筑材料
CRIS,居里,生物技术
CRL,查尔斯河实验室,诊断与研究
CRM,赛富时,软件 - 应用
CRMT,美国汽车行,汽车和卡车经销权
CRNC,Cerence,软件 - 应用
CROX,卡骆驰,鞋类及配件
CRS,卡朋特科技,金属加工
CRWD,CrowdStrike,软件 - 基础架构
CSCO,思科,通讯设备
CSGP,科斯塔,房地产服务
CSGS,CSG国际,软件 - 基础架构
CSTM,Constellium,铝
CSWI,CSW Industrials,特种工业机械
CSX,CSX运输,铁路
CTLP,Cantaloupe,信息技术服务
CTO,CTO Realty Growth,房地产投资信托 - 多元化
CTOS,Custom Truck One Source,租赁服务
CTSH,高知特,信息技术服务
CTVA,Corteva,农业投入品
CUBE,CubeSmart,房地产投资信托 - 工业
CUZ,卡津斯不动产信托基金,房地产投资信托 - 写字楼
CVE,Cenovus能源,石油和天然气综合
CVI,CVR能源,石油和天然气精炼与营销
CVLT,康沃系统,软件 - 应用
CVNA,Carvana,汽车和卡车经销权
CVS,西维斯健康,医疗计划
CVX,雪佛龙,石油和天然气综合
CW,寇蒂斯莱特,航空航天和国防
CWAN,Clearwater Analytics,软件 - 应用
CWH,露营世界,汽车和卡车经销权
CWK,Cushman & Wakefield,房地产服务
CX,西麦斯,建筑材料
CYD,玉柴国际,汽车零件
CZOO,Cazoo,汽车和卡车经销权
CZR,凯撒娱乐,渡假村和赌场
D,道明尼资源,公用事业 - 受监管电力
DAKT,Daktronics,电子元器件
DAL,达美航空,航空公司
DAN,达纳,汽车零件
DAR,美国达尔令国际,包装食品
DASH,DoorDash,互联网内容与信息
DAVA,Endava,软件 - 基础架构
DAWN,Day One Biopharmaceuticals,生物技术
DB,德意志银行,银行 - 地区性
DBRG,DigitalBridge Group,房地产服务
DBX,Dropbox,软件 - 基础架构
DCI,唐纳森,特种工业机械
DCO,杜科蒙,航空航天和国防
DCOM,迪募社区银行,银行 - 地区性
DD,杜邦,特种化学品
DDL,叮咚买菜,杂货商店
DDOG,Datadog,软件 - 应用
DDS,迪拉德百货,百货商店
DE,迪尔股份,农用及重型工程机械
DECK,Deckers Outdoor,鞋类及配件
DEI,道格拉斯艾美特,房地产投资信托 - 写字楼
DELL,戴尔科技,电脑硬件
DENN,丹尼斯,餐厅
DEO,帝亚吉欧,饮料 - 酿酒厂
DESP,Despegar.com,旅游服务
DFS,发现金融,信贷服务
DG,美国达乐公司,折扣店
DGII,美国迪进国际,通讯设备
DGX,奎斯特诊疗,诊断与研究
DHI,霍顿房屋,住宅施工
DHR,丹纳赫,诊断与研究
DHT,DHT控股,石油和天然气中游
DIN,Dine Brands Global Inc,餐厅
DINO,HF Sinclair,石油和天然气精炼与营销
DIS,迪士尼,娱乐
DJCO,每日期刊,软件 - 应用
DK,Delek US,石油和天然气精炼与营销
DKNG,DraftKings,博彩
DKS,迪克体育用品,专业零售
DLB,杜比实验室,专业商务服务
DLO,DLocal,软件 - 基础架构
DLR,数字房地产信托公司,房地产投资信托 - 专业
DLTR,美元树公司,折扣店
DMAC,DiaMedica Therapeutics,生物技术
DNA,Ginkgo Bioworks,生物技术
DNB,邓白氏,财务数据与证券交易所
DNMR,Danimer Scientific,特种化学品
DOC,Healthpeak Properties,房地产投资信托 - 医疗保健设施
DOCS,Doximity,健康信息服务
DOOO,BRP,休闲车
DOV,都福集团,特种工业机械
DOW,陶氏化学,化工品
DOX,Amdocs,软件 - 基础架构
DPZ,达美乐比萨,餐厅
DQ,大全新能源,半导体设备与材料
DRI,达登饭店,餐厅
DSGX,笛卡尔物流系统集团,软件 - 应用
DT,Dynatrace,软件 - 应用
DTM,DT Midstream,石油和天然气中游
DUK,杜克能源,公用事业 - 受监管电力
DVA,德维特,医疗设施
DVN,戴文能源,石油和天然气勘探及生产
DXC,DXC Technology,信息技术服务
DXCM,德康医疗,医疗设备
EA,艺电,电子游戏与多媒体
EAF,GrafTech,电气设备及零件
EBAY,eBay,互联网零售
ECDA,ECD Automotive Design,汽车制造商
ECL,艺康集团,特种化学品
ECPG,安可资本,抵押金融
EDU,新东方,教育培训服务
EEFT,嘉银通,软件 - 基础架构
EFC,Ellington投资,房地产投资信托 - 抵押
EFX,艾可菲,咨询服务
EG,Everest Group,保险 - 再保险
EGAN,eGain,软件 - 应用
EGO,埃氏金业,黄金
EHC,Encompass Health,医疗设施
EIX,爱迪生国际,公用事业 - 受监管电力
EL,雅诗兰黛,家用和个人产品
ELAN,Elanco Animal Health,药品制造商 - 专业和通用
ELME,Elme Communities,房地产投资信托 - 住宅
ELV,Elevance Health,医疗计划
EMBC,Embecta,医疗设备和用品
EME,EMCOR Group,工程建设
EMN,伊士曼化工,特种化学品
EMR,艾默生电气,特种工业机械
ENB,恩桥,石油和天然气中游
ENOV,Enovis Corp,特种工业机械
ENPH,Enphase Energy,太阳能
ENR,劲量控股,电气设备及零件
ENS,艾诺斯,电气设备及零件
ENTG,英特格,半导体设备与材料
EOG,EOG能源,石油和天然气勘探及生产
EPAM,EPAM Systems,信息技术服务
EPD,Enterprise Products,石油和天然气中游
EQC,Equity Commonwealth,房地产投资信托 - 写字楼
EQH,Equitable,保险 - 多元化
EQIX,易昆尼克斯,房地产投资信托 - 专业
EQNR,Equinor,石油和天然气综合
EQR,资产住宅公司,房地产投资信托 - 住宅
EQT,EQT能源,石油和天然气勘探及生产
EQX,Equinox Gold,黄金
ES,Eversource Energy,公用事业 - 受监管电力
ESGR,恩斯塔,保险 - 多元化
ESS,埃塞克斯信托,房地产投资信托 - 住宅
ESTC,Elastic,软件 - 应用
ET,Energy Transfer,石油和天然气中游
ETN,伊顿,特种工业机械
ETR,安特吉,公用事业 - 受监管电力
ETSY,Etsy Inc,互联网零售
EVBG,Everbridge,软件 - 应用
EVER,EverQuote,互联网内容与信息
EVH,Evolent Health,健康信息服务
EVR,Evercore,资本市场
EW,爱德华生命科学,医疗设备
EWBC,华美银行,银行 - 地区性
EWTX,Edgewise Therapeutics,生物技术
EXC,爱克斯龙电力,公用事业 - 受监管电力
EXLS,伊克赛尔服务,信息技术服务
EXPD,康捷国际物流,综合货运与物流
EXPE,Expedia,旅游服务
EXPO,毅博科技咨询,工程建设
EXR,Extra Space Storage,房地产投资信托 - 工业
EXTR,极速网络,通讯设备
EYE,National Vision,专业零售
FA,First Advantage,专业商务服务
FAF,First American Financial,保险 - 专业
FANG,Diamondback Energy,石油和天然气勘探及生产
FAST,快扣,产业分布
FAT,FAT Brands,餐厅
FBIN,Fortune Brands Innovations,建筑产品及设备
FC,富兰克林柯维,教育培训服务
FCN,FTI咨询,咨询服务
FCX,麦克莫兰銅金,铜
FDMT,4D Molecular Therapeutics,生物技术
FDS,辉盛研究系统,财务数据与证券交易所
FDX,联邦快递,综合货运与物流
FE,第一能源,公用事业 - 受监管电力
FERG,Ferguson,产业分布
FEXD,Fintech Ecosystem Development Corp,空壳公司
FFIV,F5 Inc,软件 - 基础架构
FFNW,First Financial Northwest,银行 - 地区性
FG,F&G Annuities & Life,保险 - 人寿
FHB,First Hawaiian,银行 - 地区性
FHN,第一地平线国家银行,银行 - 地区性
FI,费哲金融服务,信息技术服务
FICO,Fair Isaac,软件 - 应用
FIHL,Fidelis Insurance,保险 - 多元化
FINV,信也科技,信贷服务
FIS,繁德信息技术,信息技术服务
FITB,五三银行,银行 - 地区性
FIVE,Five Below,专业零售
FIVN,Five9,软件 - 基础架构
FIX,美国舒适系统,工程建设
FIZZ,National Beverage,饮料 - 非酒精饮料
FL,富乐客,服装零售
FLEX,伟创力,电子元器件
FLFV,Feutune Light Acquisition Corp,空壳公司
FLS,福斯,特种工业机械
FLYX,flyExclusive,航空公司
FMC,FMC公司,农业投入品
FMS,费森尤斯医疗,医疗设施
FMX,FEMSA,饮料 - 啤酒
FN,Fabrinet,电子元器件
FNA,Paragon 28,医疗设备
FNCH,Finch Therapeutics,生物技术
FND,Floor & Decor,家居装修零售
FNF,富达国民金融,保险 - 专业
FNV,Franco-Nevada,黄金
FOA,Finance of America,信贷服务
FOSL,福斯尔集团,奢侈品
FOUR,Shift4 Payments,软件 - 基础架构
FOX,福克斯公司-B,娱乐
FOXA,福克斯公司-A,娱乐
FOXF,Fox Factory,汽车零件
FPH,五点控股,房地产 - 开发
FR,第一工业地产,房地产投资信托 - 工业
FRPH,FRP Holdings,房地产服务
FRSH,Freshworks,软件 - 应用
FRT,FRT信托,房地产投资信托 - 零售
FSLR,第一太阳能,太阳能
FSTR,LB福斯特,铁路
FSV,Firstservice,房地产服务
FTAI,FTAI Aviation,租赁服务
FTDR,Frontdoor,个性化服务
FTI,德希尼布FMC,石油和天然气设备与服务
FTNT,飞塔信息,软件 - 基础架构
FTRE,Fortrea Holdings,生物技术
FTV,Fortive,科技仪器
FUL,富乐,特种化学品
FULT,富尔顿金融,银行 - 地区性
G,简伯特,信息技术服务
GANX,Gain Therapeutics,生物技术
GAU,Galiano Gold,黄金
GB,Global Blue,软件 - 基础架构
GCI,甘尼特,出版
GD,通用动力,航空航天和国防
GE,通用电气,航空航天和国防
GEF,格瑞夫,包装与容器
GEG,Great Elm,资产管理
GEHC,GE HealthCare Technologies,健康信息服务
GENK,GEN Restaurant Group,餐厅
GEO,GEO惩教集团,安全与防护服务
GEOS,Geospace Technologies,石油和天然气设备与服务
GFS,GlobalFoundries,半导体
GGB,盖尔道钢铁,钢
GGG,固瑞克,特种工业机械
GH,Guardant Health,诊断与研究
GHC,格雷厄姆控股,教育培训服务
GHLD,Guild Holdings,抵押金融
GHM,Graham,特种工业机械
GIB,CGI Inc,信息技术服务
GIII,G-III服装集团,服装制造
GIL,吉登运动服,服装制造
GILD,吉利德科学,药品制造商 - 一般
GIS,通用磨坊,包装食品
GKOS,Glaukos,医疗设备
GLOB,Globant,信息技术服务
GLPG,Galapagos,生物技术
GLPI,Gaming & Leisure Properties,房地产投资信托 - 专业
GLST,Global Star Acquisition Inc,空壳公司
GLW,康宁,电子元器件
GM,通用汽车,汽车制造商
GMAB,Genmab,生物技术
GNE,Genie Energy,公用事业 - 受监管电力
GNRC,Generac,特种工业机械
GNTX,真泰克,汽车零件
GODN,Golden Star Acquisition Corp,空壳公司
GOLD,巴里克黄金,黄金
GOOG,谷歌-C,互联网内容与信息
GOOS,加拿大鹅,服装制造
GPC,Genuine Parts,专业零售
GPI,汽车一组,汽车和卡车经销权
GPK,Graphic Packaging,包装与容器
GPN,环汇有限公司,专业商务服务
GPOR,格尔夫波特能源,石油和天然气勘探及生产
GPRO,GoPro,消费电子品
GPS,Gap Inc,服装零售
GRAB,Grab Holdings,软件 - 应用
GRBK,Green Brick Partners,住宅施工
GRMN,佳明,科技仪器
GRND,Grindr,软件 - 应用
GS,高盛,资本市场
GSHD,Goosehead Insurance,保险 - 多元化
GSK,葛兰素史克,药品制造商 - 一般
GSM,Ferroglobe,其他工业金属与采矿
GT,固特异轮胎橡胶,汽车零件
GTES,Gates Industrial,特种工业机械
GTN,格雷电视,广播
GTX,Garrett Motion,汽车零件
GWRE,Guidewire Software,软件 - 应用
GXO,GXO Logistics,综合货运与物流
H,凯悦酒店,住宿
HA,夏威夷控股,航空公司
HAIN,海恩时富,包装食品
HAL,哈里伯顿,石油和天然气设备与服务
HALO,奥洛兹美医疗,生物技术
HAYN,海恩斯国际,金属加工
HAYW,Hayward Holdings,电气设备及零件
HBB,Hamilton Beach Brands,家具、固定装置和家电
HBM,Hudbay Minerals,铜
HCA,HCA医疗,医疗设施
HCAT,Health Catalyst,健康信息服务
HCC,Warrior Met Coal,焦练煤
HD,家得宝,家居装修零售
HDB,HDFC银行,银行 - 地区性
HEES,H&E设备服务,租赁服务
HELE,海伦特洛伊家电,家用和个人产品
HES,赫斯,石油和天然气勘探及生产
HGTY,Hagerty,保险 - 财产和伤亡
HGV,Hilton Grand Vacations,渡假村和赌场
HHH,Howard Hughes Holding,房地产 - 多元化
HI,希伦布兰德,特种工业机械
HII,亨廷顿英格尔斯工业,航空航天和国防
HIMS,Hims & Hers Health,家用和个人产品
HIW,海伍兹物业,房地产投资信托 - 写字楼
HLF,康宝莱,包装食品
HLI,华利安,资本市场
HLN,Haleon,药品制造商 - 专业和通用
HLNE,Hamilton Lane,资产管理
HLT,希尔顿酒店,住宿
HMC,本田汽车,汽车制造商
HMN,霍勒斯曼恩,保险 - 财产和伤亡
HNRA,HNR Acquisition Corp,空壳公司
HNRG,Hallador Energy,动力煤
HNST,The Honest,家用和个人产品
HOFT,胡克家具,家具、固定装置和家电
HOG,哈雷戴维森,休闲车
HOLI,和利时自动化,电气设备及零件
HOLX,豪洛捷,医疗设备和用品
HOMB,Home BancShares,银行 - 地区性
HON,霍尼韦尔,企业集团
HOVR,New Horizon Aircraft,航空航天和国防
HP,赫尔默里奇和佩恩材料,石油和天然气钻井
HPE,慧与科技,通讯设备
HPP,Hudson Pacific Properties,房地产投资信托 - 写字楼
HPQ,惠普,电脑硬件
HRB,H&R布洛克税务,个性化服务
HRI,Herc Holdings,租赁服务
HRL,荷美尔食品,包装食品
HSTM,健康流科技,健康信息服务
HSY,好时,糖果
HTHT,华住,住宿
HTLD,哈特兰快递,公路运输
HTZ,赫兹租车,租赁服务
HUBB,哈勃集团,电气设备及零件
HUBS,HubSpot,软件 - 应用
HUM,哈门那,医疗计划
HUN,亨斯迈,化工品
HWM,Howmet Aerospace,航空航天和国防
HXL,赫氏,航空航天和国防
IAC,IAC Inc,互联网内容与信息
IAG,Iamgold,黄金
IART,英特格拉生命科学,医疗设备
IBKR,盈透证券,资本市场
IBM,IBM Corp,信息技术服务
IBN,印度工业信贷投资银行,银行 - 地区性
IBP,Installed Building Products,住宅施工
ICD,Independence Contract Drilling,石油和天然气钻井
ICE,洲际交易所,财务数据与证券交易所
ICFI,ICF国际,咨询服务
ICHR,Ichor Holdings,半导体设备与材料
ICLR,Icon PLC,诊断与研究
IDA,Idacorp,公用事业 - 受监管电力
IDCC,InterDigital,软件 - 应用
IDT,万威,电信服务
IDWM,IDW Media,-
IDXX,爱德士,诊断与研究
IEP,伊坎企业,石油和天然气精炼与营销
IEX,IDEX Corp,特种工业机械
IFF,国际香料香精,特种化学品
IIIN,Insteel Industries,金属加工
ILMN,Illumina,诊断与研究
IMAX,IMAX Corp,娱乐
IMO,帝国石油,石油和天然气综合
INBX,Inhibrx,生物技术
INCY,因塞特,生物技术
INFN,英飞朗,通讯设备
INFY,印孚瑟斯,信息技术服务
INGR,宜瑞安,包装食品
INSP,Inspire Medical Systems,医疗设备
INST,Instructure Holdings,软件 - 应用
INSW,International Seaways,石油和天然气中游
INTC,英特尔,半导体
INTU,财捷,软件 - 应用
IONS,Ionis Pharmaceuticals,生物技术
IP,国际纸业,包装与容器
IPG,埃培智,广告代理
IPGP,IPG光电,半导体设备与材料
IPI,Intrepid Potash,农业投入品
IQ,爱奇艺,娱乐
IQV,艾昆纬,诊断与研究
IR,英格索兰,特种工业机械
IRM,铁山,房地产投资信托 - 专业
IRMD,IRadimed,医疗设备
IRWD,Ironwood医药,药品制造商 - 专业和通用
ISRG,直觉外科公司,医疗设备和用品
IT,加特纳,信息技术服务
ITIC,投资者不动产,保险 - 专业
ITUB,Itaú巴西联合银行,银行 - 地区性
ITW,伊利诺伊机械,特种工业机械
IVT,InvenTrust Properties,房地产投资信托 - 零售
IVVD,Invivyd,生物技术
IVZ,景顺,资产管理
J,雅各布工程,工程建设
JACK,Jack in the Box,餐厅
JAZZ,爵士制药,生物技术
JBI,Janus International,建筑产品及设备
JBLU,捷蓝航空,航空公司
JBT,约翰宾技术,特种工业机械
JCI,江森自控,建筑产品及设备
JD,京东,互联网零售
JEF,杰富瑞,资本市场
JHG,骏利亨德森集团,资产管理
JKHY,杰克亨利,信息技术服务
JKS,晶科能源,太阳能
JLL,仲量联行,房地产服务
JNJ,强生,药品制造商 - 一般
JNPR,瞻博网络,通讯设备
JOE,圣乔,房地产 - 多元化
JOUT,约翰逊户外,休闲
JPM,摩根大通,银行 - 多元化
JWN,诺德斯特龙,百货商店
JXN,Jackson Financial,保险 - 人寿
K,家乐氏,包装食品
KALU,凯撒铝业,铝
KARO,Karooooo,软件 - 应用
KB,韩国国民银行,银行 - 地区性
KBH,KB Home,住宅施工
KBR,KBR科技,工程建设
KD,Kyndryl,信息技术服务
KDP,Keurig Dr Pepper,饮料 - 非酒精饮料
KE,Kimball Electronics,电气设备及零件
KEP,韩国电力,公用事业 - 受监管电力
KEX,卡比海运,海运
KEY,KeyCorp,银行 - 地区性
KEYS,Keysight Technologies,科技仪器
KFY,光辉国际咨询顾问,人员配备和就业服务
KGC,金罗斯黄金,黄金
KHC,卡夫亨氏,包装食品
KIM,金科,房地产投资信托 - 零售
KKR,KKR & Co,资产管理
KLAC,科磊,半导体设备与材料
KLIC,库力索法半导体,半导体设备与材料
KMB,金佰利,家用和个人产品
KMI,金德尔摩根,石油和天然气中游
KMPR,Kemper,保险 - 财产和伤亡
KMT,肯纳金属,工具及配件
KMX,车美仕,汽车和卡车经销权
KN,Knowles,通讯设备
KNF,Knife River,建筑材料
KNSL,Kinsale Capital,保险 - 财产和伤亡
KNTE,Kinnate BioPharma,生物技术
KNX,Knight-Swift Transportation,公路运输
KO,可口可乐,饮料 - 非酒精饮料
KOF,可口可乐凡萨瓶装,饮料 - 非酒精饮料
KOS,Kosmos Energy,石油和天然气勘探及生产
KR,克罗格,杂货商店
KRC,吉劳埃地产,房地产投资信托 - 写字楼
KSS,柯尔百货,百货商店
KVUE,Kenvue,家用和个人产品
KVYO,Klaviyo,软件 - 基础架构
KW,Kennedy-Wilson,房地产服务
L,洛斯公司,保险 - 财产和伤亡
LAD,利西亚车行,汽车和卡车经销权
LAMR,拉马尔户外广告,房地产投资信托 - 专业
LANC,兰卡斯特食品,包装食品
LASR,nLIGHT,半导体
LAZ,Lazard,资本市场
LBAI,湖地银行,银行 - 地区性
LEA,李尔,汽车零件
LEGH,Legacy Housing,住宅施工
LEGN,传奇生物,生物技术
LEN,莱纳建筑,住宅施工
LESL,Leslie's,专业零售
LEVI,李维斯,服装制造
LFST,LifeStance Health,医疗设施
LFUS,美国力特保险丝,电子元器件
LGIH,LGI Homes,住宅施工
LH,徕博科,诊断与研究
LHX,L3Harris Technologies,航空航天和国防
LII,雷诺士,建筑产品及设备
LILA,Liberty Latin America-A,电信服务
LIN,Linde,特种化学品
LIVN,LivaNova,医疗设备
LKQ,LKQ Corp,汽车零件
LLY,礼来,药品制造商 - 一般
LMT,洛克希德马丁,航空航天和国防
LNC,林肯国民,保险 - 人寿
LNG,Cheniere Energy,石油和天然气中游
LNT,美国联合能源,公用事业 - 受监管电力
LNTH,Lantheus,药品制造商 - 专业和通用
LNW,Light & Wonder,博彩
LOMA,Loma Negra,建筑材料
LOW,劳氏,家居装修零售
LPG,Dorian LPG,石油和天然气中游
LPLA,LPL Financial,资本市场
LPX,Louisiana-Pacific,建筑产品及设备
LRCX,泛林集团,半导体设备与材料
LULU,Lululemon Athletica,服装零售
LUNA,Luna Innovations,科技仪器
LUV,西南航空,航空公司
LVLU,Lulus Fashion Lounge,服装零售
LVS,金沙集团,渡假村和赌场
LW,Lamb Weston,包装食品
LWAY,来福威食品,包装食品
LXU,LSB Industries,化工品
LYB,利安德巴塞尔,特种化学品
LYFT,Lyft Inc,软件 - 应用
LYG,劳埃德,银行 - 地区性
LYV,Live Nation Entertainment,娱乐
LZB,La-Z-Boy,家具、固定装置和家电
M,梅西百货,百货商店
MA,万事达,信贷服务
MAG,MAG Silver,银
MANH,Manhattan Associates,软件 - 应用
MANU,曼联,娱乐
MAR,万豪酒店,住宿
MARX,MARS ACQUISITION CORP,空壳公司
MAS,马斯科,建筑产品及设备
MASI,麦斯莫医疗,医疗设备
MAT,美泰,休闲
MATV,Mativ,特种化学品
MBC,MasterBrand,家具、固定装置和家电
MBI,MBIA,保险 - 专业
MCD,麦当劳,餐厅
MCHP,微芯科技,半导体
MCK,麦克森,医疗分配
MCO,穆迪,财务数据与证券交易所
MCY,默邱利通用,保险 - 财产和伤亡
MDB,MongoDB,软件 - 基础架构
MDLZ,亿滋,糖果
MDT,美敦力,医疗设备
MDU,MDU Resources,企业集团
MED,快验保,个性化服务
MEDP,Medpace,诊断与研究
MELI,MercadoLibre,互联网零售
MEOH,梅思恩,化工品
MET,大都会人寿,保险 - 人寿
META,Meta Platforms,互联网内容与信息
MGA,曼格纳国际,汽车零件
MGM,美高梅,渡假村和赌场
MHK,莫霍克工业公司,家具、固定装置和家电
MIDD,The Middleby,特种工业机械
MIR,Mirion,特种工业机械
MKC,味好美,包装食品
MKL,Markel Group,保险 - 财产和伤亡
MKSI,MKS仪器,科技仪器
MKTX,MarketAxess,资本市场
MLM,马丁-玛丽埃塔材料,建筑材料
MLR,Miller Industries,汽车零件
MLTX,MoonLake Immunotherapeutics,生物技术
MMC,威达信,保险经纪人
MMM,3M,企业集团
MMS,马克西姆斯服务,专业商务服务
MMYT,MakeMyTrip,旅游服务
MNDY,monday.com,软件 - 应用
MNSO,名创优品,专业零售
MNST,怪物饮料,饮料 - 非酒精饮料
MO,奥驰亚,烟草
MOD,摩丁制造,汽车零件
MODG,Topgolf Callaway Brands,休闲
MODN,Model N,软件 - 应用
MOH,Molina Healthcare,医疗计划
MOMO,挚文集团,互联网内容与信息
MORN,晨星,财务数据与证券交易所
MOS,美国美盛,农业投入品
MP,MP Materials,其他工业金属与采矿
MPLX,MPLX LP,石油和天然气中游
MPW,Medical Properties Trust,房地产投资信托 - 医疗保健设施
MPWR,Monolithic Power Systems,半导体
MRK,默沙东,药品制造商 - 一般
MRKR,Marker Therapeutics,生物技术
MRNA,Moderna,生物技术
MRVL,迈威尔科技,半导体
MS,摩根士丹利,资本市场
MSCI,MSCI Inc,财务数据与证券交易所
MSFT,微软,软件 - 基础架构
MSGE,Madison Square Garden Entertainment,休闲
MSGS,麦迪逊运动,娱乐
MSI,摩托罗拉解决方案,通讯设备
MSM,MSC Industrial Direct,产业分布
MTB,美国制商银行,银行 - 地区性
MTCH,Match group,互联网内容与信息
MTD,梅特勒-托利多,诊断与研究
MTDR,Matador Resources,石油和天然气勘探及生产
MTG,MGIC Investment,保险 - 专业
MTH,Meritage Homes,住宅施工
MTLS,Materialise,软件 - 应用
MTN,Vail Resorts,渡假村和赌场
MU,美光科技,半导体
MX,MagnaChip Semiconductor,半导体
MYRG,MYR Group,工程建设
NAMS,NewAmsterdam Pharma,生物技术
NATL,NCR Atleos,软件 - 应用
NAVI,Navient,信贷服务
NBIX,神经分泌生物科学,药品制造商 - 专业和通用
NBR,纳伯斯实业,石油和天然气钻井
NBSE,NeuBase Therapeutics,生物技术
NCLH,挪威邮轮,旅游服务
NCNO,nCino,软件 - 应用
NDSN,Nordson,特种工业机械
NE,Noble,石油和天然气钻井
NEE,新纪元能源,公用事业 - 受监管电力
NEM,纽曼矿业,黄金
NFLX,奈飞,娱乐
NG,NovaGold Resources,黄金
NICE,NICE Ltd,软件 - 应用
NJR,新泽西能源,公用事业 - 受监管天然气
NKE,耐克,鞋类及配件
NMIH,NMI Holdings,保险 - 专业
NOAH,诺亚财富,资产管理
NOC,诺斯罗普格鲁曼,航空航天和国防
NODK,NI Holdings,保险 - 财产和伤亡
NOV,华高,石油和天然气设备与服务
NOW,ServiceNow,软件 - 应用
NPO,Enpro,特种工业机械
NPWR,NET Power,特种工业机械
NSC,诺福克南方,铁路
NSIT,Insight Enterprises,电子与计算机分销
NTB,毕达菲尔特银行,银行 - 多元化
NTES,网易,电子游戏与多媒体
NTR,Nutrien,农业投入品
NTRA,Natera,诊断与研究
NTRS,北方信托,资产管理
NU,Nu Holdings,银行 - 地区性
NUVB,Nuvation Bio,生物技术
NVDA,英伟达,半导体
NVGS,Navigator,石油和天然气中游
NVO,诺和诺德,生物技术
NVR,NVR Inc,住宅施工
NVRO,Nevro,医疗设备
NVS,诺华制药,药品制造商 - 一般
NVST,Envista Holdings,医疗设备和用品
NVT,nVent Electric,电气设备及零件
NVTS,纳微半导体,半导体
NWG,NatWest,银行 - 地区性
NWL,纽威,家用和个人产品
NWLI,国家西方人寿保险,保险 - 人寿
NWS,新闻集团-B,娱乐
NWSA,新闻集团-A,娱乐
NX,Quanex Building Products,建筑产品及设备
NXPI,恩智浦,半导体
NXST,Nexstar Media Group,娱乐
NXT,Nextracker,太阳能
NYCB,纽约社区银行,银行 - 地区性
NYT,纽约时报,出版
OAKU,Oak Woods Acquisition Corp,空壳公司
OBDC,Blue Owl Capital,信贷服务
OC,欧文斯科宁,建筑产品及设备
OCN,Ocwen Financial,抵押金融
OCSL,Oaktree Specialty Lending,信贷服务
ODD,ODDITY Tech,软件 - 基础架构
ODFL,Old Dominion Freight Line,公路运输
ODP,欧迪办公,专业零售
OGN,Organon & Co,药品制造商 - 一般
OI,欧伊诺,包装与容器
OKE,欧尼克(万欧卡),石油和天然气中游
OKTA,Okta,软件 - 基础架构
OLLI,Ollie's Bargain Outlet,折扣店
OLN,欧林,特种化学品
OMC,宏盟集团,广告代理
OMF,OneMain,信贷服务
OMI,欧麦斯-麦能医疗,医疗分配
ON,安森美半导体,半导体
ONON,昂跑,鞋类及配件
ONTO,Onto Innovation,半导体设备与材料
OPY,奥本海默控股,资本市场
OR,Osisko Gold Royalties,黄金
ORCL,甲骨文,软件 - 基础架构
ORI,Old Republic International,保险 - 多元化
ORIC,Oric Pharmaceuticals,生物技术
ORLA,Orla Mining,黄金
ORLY,奥莱利,专业零售
OSCR,Oscar Health,医疗计划
OSK,Oshkosh,农用及重型工程机械
OTEX,Open Text,软件 - 应用
OTIS,奥的斯,特种工业机械
OUT,Outfront Media Inc.,房地产投资信托 - 专业
OVV,Ovintiv,石油和天然气勘探及生产
OXY,西方石油,石油和天然气勘探及生产
OZK,欧扎克银行,银行 - 地区性
PACK,Ranpak Holdings,包装与容器
PAM,Pampa Energia,公用事业 - 独立发电商
PANW,Palo Alto Networks,软件 - 基础架构
PAR,PAR Technology,软件 - 应用
PARA,派拉蒙环球-B,娱乐
PATH,UiPath,软件 - 基础架构
PAYC,Paycom Software,软件 - 应用
PAYX,沛齐,人员配备和就业服务
PB,Prosperity Bancshares,银行 - 地区性
PBH,普雷斯蒂奇,药品制造商 - 专业和通用
PBI,必能宝,综合货运与物流
PBPB,Potbelly,餐厅
PBR,巴西石油公司,石油和天然气综合
PCAR,帕卡,农用及重型工程机械
PCG,太平洋煤电,公用事业 - 受监管电力
PCH,PotlatchDeltic Corp.,房地产投资信托 - 专业
PCOR,Procore Technologies,软件 - 应用
PD,PagerDuty,软件 - 应用
PDD,拼多多,互联网零售
PENN,佩恩国民博彩,渡假村和赌场
PEP,百事可乐,饮料 - 非酒精饮料
PEPG,PepGen,生物技术
PFE,辉瑞,药品制造商 - 一般
PFG,信安金融,资产管理
PFMT,Performant Financial,专业商务服务
PG,宝洁,家用和个人产品
PGEN,Precigen,生物技术
PGNY,Progyny,健康信息服务
PGR,前进保险,保险 - 财产和伤亡
PHG,飞利浦,医疗设备
PHIN,Phinia,汽车零件
PHM,普得集团,住宅施工
PHVS,Pharvaris,生物技术
PI,Impinj,通讯设备
PII,北极星,休闲车
PINS,Pinterest,互联网内容与信息
PIPR,派杰投资,资本市场
PK,Park Hotels & Resorts Inc,房地产投资信托 - 酒店和汽车旅馆
PKG,美国包装公司,包装与容器
PL,Planet Labs PBC,航空航天和国防
PLD,安博,房地产投资信托 - 工业
PLTN,Plutonian Acquisition Corp,空壳公司
PLTR,Palantir,软件 - 基础架构
PLXS,普雷克萨斯,电子元器件
PM,菲利普莫里斯,烟草
PNC,PNC金融服务集团,银行 - 地区性
PNM,PNM Resources,公用事业 - 受监管电力
PODD,银休特,医疗设备
POOL,Pool Corp,产业分布
POWI,帕沃英蒂格盛,半导体
PPG,PPG工业,特种化学品
PPTA,Perpetua Resources,其他贵金属和采矿
PR,Permian Resources,石油和天然气勘探及生产
PRA,Proassurance,保险 - 财产和伤亡
PRAA,PRA Group,信贷服务
PRDO,Perdoceo Education,教育培训服务
PRG,PROG Holdings,租赁服务
PRGO,百利高,药品制造商 - 专业和通用
PRI,Primerica,保险 - 人寿
PRVA,Privia Health,健康信息服务
PSA,公共存储公司,房地产投资信托 - 工业
PSTG,Pure Storage,电脑硬件
PSX,Phillips 66,石油和天然气精炼与营销
PTC,PTC Inc,软件 - 应用
PTEN,Patterson-UTI Energy,石油和天然气钻井
PTON,Peloton Interactive,休闲
PTWO,Pono Capital Two,空壳公司
PUK,英国保诚,保险 - 人寿
PVH,PVH Corp,服装制造
PWR,广达服务,工程建设
PXD,先锋自然资源,石油和天然气勘探及生产
PYPL,PayPal,信贷服务
QCOM,高通,半导体
QDEL,窥得儿医药,医疗设备
QFIN,奇富科技,信贷服务
QLYS,科力斯,软件 - 基础架构
QRVO,Qorvo,半导体
QSR,餐饮品牌国际,餐厅
QUAD,Quad/Graphics,专业商务服务
RACE,法拉利,汽车制造商
RAMP,LiveRamp,软件 - 基础架构
RBC,RBC轴承,工具及配件
RBKB,Rhinebeck Bancorp,银行 - 地区性
RBLX,Roblox,电子游戏与多媒体
RCI,罗杰斯通信,电信服务
RCKT,Rocket Pharmaceuticals,生物技术
RCL,皇家加勒比邮轮,旅游服务
RDI,Reading International-A,娱乐
RDN,Radian Group,保险 - 专业
REAL,TheRealReal,奢侈品
REG,Regency Centers Corp.,房地产投资信托 - 零售
REGN,再生元制药公司,生物技术
RELX,RELX PLC,专业商务服务
RERE,万物新生(爱回收),互联网零售
REXR,Rexford Industrial Realty,房地产投资信托 - 工业
REYN,Reynolds Consumer Products,包装与容器
REZI,Resideo Technologies,安全与防护服务
RFL,Rafael Holdings,房地产服务
RGF,The Real Good Food,包装食品
RGLD,皇家黄金,黄金
RH,Restoration Hardware,专业零售
RHI,罗致恒富,人员配备和就业服务
RICK,RCI Hospitality Holdings,餐厅
RIO,力拓,其他工业金属与采矿
RIVN,Rivian Automotive,汽车制造商
RJF,瑞杰金融,资本市场
RKT,Rocket,抵押金融
RL,拉夫劳伦,服装制造
RLI,RLI保险,保险 - 财产和伤亡
RLYB,Rallybio,生物技术
RMNI,Rimini Street,软件 - 应用
RMR,The RMR Group,房地产服务
RNR,RenaissanceRe Holdings,保险 - 再保险
ROCK,Gibraltar Industries,建筑产品及设备
ROG,罗杰斯,电子元器件
ROIC,Retail Opportunity Investments Corp.,房地产投资信托 - 零售
ROIV,Roivant Sciences,生物技术
ROK,罗克韦尔自动化,特种工业机械
ROKU,Roku Inc,娱乐
ROL,Rollins,个性化服务
ROP,儒博实业,软件 - 应用
ROST,罗斯百货,服装零售
RPM,RPM International,特种化学品
RPRX,Royalty Pharma,生物技术
RRGB,红罗宾,餐厅
RRX,Regal Rexnord,特种工业机械
RS,Reliance,钢
RTX,雷神技术,航空航天和国防
RVLV,Revolve Group,互联网零售
RWAY,Runway Growth Finance,信贷服务
RXST,RxSight,医疗设备
RYAN,Ryan Specialty Holdings,保险 - 专业
RYN,雷欧尼尔,房地产投资信托 - 专业
SABR,Sabre,软件 - 基础架构
SAIA,Saia,公路运输
SAIC,Science Applications International,信息技术服务
SANM,新美亚电子,电子元器件
SAP,SAP SE,软件 - 应用
SAVE,Spirit Airlines,航空公司
SB,Safe Bulkers,海运
SBAC,SBA通信公司,房地产投资信托 - 专业
SBCF,Seacoast Bank,银行 - 地区性
SBLK,Star Bulk Carriers,海运
SBSI,Southside Bancshares,银行 - 地区性
SBUX,星巴克,餐厅
SCCO,南方铜业,铜
SCHL,学乐集团,出版
SCHW,嘉信理财,资本市场
SCI,Service Corporation International,个性化服务
SCVL,Shoe Carnival,服装零售
SCWX,Secureworks,软件 - 基础架构
SD,SandRidge Energy,石油和天然气勘探及生产
SDGR,Schrodinger,健康信息服务
SDRL,Seadrill,石油和天然气钻井
SE,Sea,互联网零售
SEB,Seaboard,企业集团
SEE,希悦尔,包装与容器
SEIC,SEI Investments,资产管理
SEMR,SEMrush,软件 - 应用
SFBS,ServisFirst Bancshares,银行 - 地区性
SFIX,Stitch Fix,服装零售
SFM,Sprouts Farmers Market,杂货商店
SG,Sweetgreen,餐厅
SGH,SMART Global,半导体
SGRY,Surgery Partners,医疗设施
SGU,Star Group LP,石油和天然气精炼与营销
SHAK,Shake Shack,餐厅
SHC,Sotera Health Company,诊断与研究
SHEL,Shell PLC,石油和天然气综合
SHO,Sunstone Hotel Investors,房地产投资信托 - 酒店和汽车旅馆
SHOO,史蒂夫·马登,鞋类及配件
SHOP,Shopify,软件 - 应用
SHW,宣伟公司,特种化学品
SHYF,Shyft Group,农用及重型工程机械
SIG,西格内特珠宝,奢侈品
SIRI,Sirius XM,娱乐
SITE,SiteOne Landscape Supply,产业分布
SITM,SiTime,半导体
SIX,Six Flags Entertainment,休闲
SJM,斯马克,包装食品
SKIL,Skillsoft,教育培训服务
SKX,斯凯奇,鞋类及配件
SKYX,SKYX Platforms,电气设备及零件
SLB,斯伦贝谢,石油和天然气设备与服务
SLCA,US Silica,石油和天然气设备与服务
SLG,SL Green Realty,房地产投资信托 - 写字楼
SMAR,Smartsheet,软件 - 应用
SMCI,超微电脑,电脑硬件
SMFG,三井住友金融,银行 - 多元化
SMG,The Scotts Miracle,农业投入品
SMHI,Seacor Marine,海运
SMRT,SmartRent,软件 - 应用
SMTC,先科电子,半导体
SN,SharkNinja,家具、固定装置和家电
SNA,实耐宝,工具及配件
SNAP,Snap Inc,互联网内容与信息
SNBR,Sleep Number,家具、固定装置和家电
SNDA,Sonida Senior Living,医疗设施
SNEX,StoneX,资本市场
SNOW,Snowflake,软件 - 应用
SNPS,新思科技,软件 - 基础架构
SNX,新聚思,电子与计算机分销
SNY,赛诺菲安万特,药品制造商 - 一般
SO,美国南方公司,公用事业 - 受监管电力
SOFI,SoFi Technologies,信贷服务
SONY,索尼,消费电子品
SPB,Spectrum Brands,家用和个人产品
SPG,西蒙地产,房地产投资信托 - 零售
SPGI,标普全球,财务数据与证券交易所
SPHR,Sphere Entertainment,娱乐
SPNS,Sapiens International,软件 - 应用
SPNT,SiriusPoint,保险 - 再保险
SPOT,Spotify Technology,互联网内容与信息
SPR,Spirit Aerosystems,航空航天和国防
SPSC,SPS Commerce,软件 - 基础架构
SPWH,Sportsman's Warehouse,专业零售
SQ,Block,软件 - 基础架构
SRCL,消毒循环,废物管理
SRE,桑普拉能源,公用事业 - 多元化
SRG,Seritage Growth Properties,房地产投资信托 - 零售
SRI,Stoneridge,汽车零件
SSNC,SS&C Technologies,软件 - 应用
ST,Sensata Technologies,科技仪器
STC,Stewart Information Services,保险 - 财产和伤亡
STEP,StepStone Group,资产管理
STHO,Star Holdings,房地产服务
STKL,SunOpta,包装食品
STLA,Stellantis NV,汽车制造商
STNE,StoneCo,软件 - 基础架构
STR,Sitio Royalties,石油和天然气勘探及生产
STT,道富银行,资产管理
STX,希捷科技,电脑硬件
STXS,Stereotaxis,医疗设备和用品
STZ,星座品牌,饮料 - 酿酒厂
SUI,Sun Communities,房地产投资信托 - 住宅
SUPN,Supernus Pharmaceuticals,药品制造商 - 专业和通用
SWAV,ShockWave Medical,医疗设备
SWBI,Smith & Wesson Brands,航空航天和国防
SWK,美国史丹利公司,工具及配件
SWKS,思佳讯,半导体
SWN,美国西南能源,石油和天然气勘探及生产
SWTX,SpringWorks Therapeutics,生物技术
SWX,Southwest Gas Holdings,公用事业 - 受监管天然气
SWZ,瑞士赫尔维蒂基金,资产管理
SYF,Synchrony Financial,信贷服务
SYK,史赛克,医疗设备
SYNA,Synaptics,半导体
SYY,西思科公司,食物分配
T,AT&T,电信服务
TAK,武田制药,药品制造商 - 专业和通用
TAP,莫库酒业,饮料 - 啤酒
TBPH,Theravance Biopharma,生物技术
TCBI,Texas Capital Bancshares,银行 - 地区性
TDG,TransDigm,航空航天和国防
TDOC,Teladoc Health,健康信息服务
TDS,电话和数据系统,电信服务
TDW,潮水公司,石油和天然气设备与服务
TDY,Teledyne Technologies,科技仪器
TEAM,Atlassian,软件 - 应用
TECH,Bio-Techne,生物技术
TECK,泰克资源有限公司,其他工业金属与采矿
TEL,泰科电子,电子元器件
TENK,TenX Keane Acquisition,空壳公司
TEO,阿根廷电信,电信服务
TER,泰瑞达,半导体设备与材料
TEVA,梯瓦制药,药品制造商 - 专业和通用
TEX,特雷克斯,农用及重型工程机械
TFC,Truist Financial,银行 - 地区性
TFII,TFI International,公路运输
TGI,Triumph,航空航天和国防
TGNA,TEGNA,广播
TGS,阿根廷南部燃气,石油和天然气综合
TGT,塔吉特,折扣店
THC,泰尼特,医疗设施
THG,汉诺威保险,保险 - 财产和伤亡
THO,索尔工业,休闲车
THRM,Gentherm,汽车零件
THS,树屋食品,包装食品
TJX,TJX公司,服装零售
TKO,TKO Group Holdings,娱乐
TKR,铁姆肯,工具及配件
TLIS,Talis Biomedical,医疗设备
TMDX,TransMedics,医疗设备
TME,腾讯音乐,互联网内容与信息
TMO,赛默飞世尔,诊断与研究
TMTC,TMT Acquisition Corp,空壳公司
TMUS,T-Mobile US,电信服务
TNC,坦能,特种工业机械
TNET,TriNet Group,人员配备和就业服务
TNL,Travel Plus Leisure,旅游服务
TOL,托尔兄弟,住宅施工
TOST,Toast,软件 - 基础架构
TPC,Tutor Perini,工程建设
TPH,Tri Pointe Homes,住宅施工
TPHS,Trinity Place Holdings,房地产 - 开发
TPIC,TPI Composites,特种工业机械
TPL,Texas Pacific Land,石油和天然气勘探及生产
TPR,Tapestry,奢侈品
TPX,泰浦陛迪国际公司,家具、固定装置和家电
TREX,Trex Co.,建筑产品及设备
TRMB,天宝导航公司,科技仪器
TRMD,Torm,石油和天然气中游
TRN,Trinity Industries,铁路
TRNO,Terreno Realty,房地产投资信托 - 工业
TROW,普信集团,资产管理
TROX,Tronox,化工品
TRP,TC Energy,石油和天然气中游
TRU,TransUnion,咨询服务
TRUP,Trupanion,保险 - 专业
TRV,旅行者财产险集团,保险 - 财产和伤亡
TRVI,Trevi Therapeutics,生物技术
TSCO,拖拉机供应公司,专业零售
TSEM,Tower半导体,半导体
TSLA,特斯拉,汽车制造商
TSM,台积电,半导体
TSN,泰森食品,农产品
TTC,托罗配件,工具及配件
TTD,The Trade Desk,软件 - 应用
TTE,道达尔,石油和天然气综合
TTMI,TTM科技,电子元器件
TTWO,Take-Two互动软件,电子游戏与多媒体
TW,Tradeweb Markets,资本市场
TWLO,Twilio,互联网内容与信息
TX,特尔尼翁钢铁,钢
TXN,德州仪器,半导体
TXRH,德州公路酒吧,餐厅
TXT,德事隆,航空航天和国防
TYL,泰勒科技,软件 - 应用
UA,安德玛-C,服装制造
UAL,联合大陆航空,航空公司
UBER,优步,软件 - 应用
UBS,瑞银,银行 - 多元化
UCTT,超科林半导体,半导体设备与材料
UDR,UDR不动产信托,房地产投资信托 - 住宅
UGI,UGI公用事业,公用事业 - 受监管天然气
UHAL,U-Haul,租赁服务
UHS,Universal Health Services,医疗设施
UL,联合利华(英国),家用和个人产品
ULCC,Frontier Group,航空公司
ULTA,Ulta美容,专业零售
UMBF,UMB金融,银行 - 地区性
UMC,联电,半导体
UNF,第一联合,专业商务服务
UNFI,联合原生态食品,食物分配
UNH,联合健康,医疗计划
UNIT,Uniti Group,房地产投资信托 - 专业
UNP,联合太平洋,铁路
UPBD,Upbound Group,软件 - 应用
UPS,联合包裹,综合货运与物流
UPWK,Upwork,人员配备和就业服务
URBN,都市服饰,服装零售
URI,联合租赁,租赁服务
USB,美国合众银行,银行 - 地区性
USCB,美国世纪银行,银行 - 地区性
USFD,美国食品控股,食物分配
USM,美国无线电话,电信服务
UVE,万全保险,保险 - 财产和伤亡
V,Visa,信贷服务
VAL,华仕伯,石油和天然气设备与服务
VALE,淡水河谷,其他工业金属与采矿
VEEV,Veeva Systems,健康信息服务
VET,朱砂能源,石油和天然气勘探及生产
VFC,威富集团,服装制造
VICI,VICI Properties,房地产投资信托 - 多元化
VIPS,唯品会,互联网零售
VIST,Vista Energy,石油和天然气勘探及生产
VKTX,Viking Therapeutics,生物技术
VLO,瓦莱罗能源,石油和天然气精炼与营销
VLRS,Volaris航空,航空公司
VLTO,Veralto Corp,污染与处理控制
VMC,火神材料,建筑材料
VNO,沃那多房信,房地产投资信托 - 写字楼
VNT,Vontier,科技仪器
VOXX,奥迪富斯,消费电子品
VOYA,Voya金融,金融集团
VRDN,Viridian Therapeutics,生物技术
VRM,Vroom,汽车和卡车经销权
VRNA,维罗纳制药,生物技术
VRSK,Verisk分析,咨询服务
VRSN,威瑞信,软件 - 基础架构
VRT,Vertiv Holdings,电气设备及零件
VRTX,福泰制药,生物技术
VSAT,卫讯公司,通讯设备
VSCO,维多利亚的秘密,服装零售
VSEC,VSE技术服务,航空航天和国防
VSH,威世科技,半导体
VST,Vistra Energy,公用事业 - 独立发电商
VSTM,Verastem,生物技术
VTLE,Vital Energy,石油和天然气勘探及生产
VTR,芬塔公司,房地产投资信托 - 医疗保健设施
VTRS,Viatris,药品制造商 - 专业和通用
VVV,胜牌,石油和天然气精炼与营销
VYX,NCR Voyix,信息技术服务
VZ,Verizon,电信服务
VZIO,VIZIO,消费电子品
W,Wayfair,互联网零售
WAB,美国西屋制动,铁路
WAFD,WaFd,银行 - 地区性
WAL,阿莱恩斯西部银行,银行 - 地区性
WASH,华盛顿信托银行,银行 - 地区性
WAT,沃特世,诊断与研究
WBA,沃尔格林-联合博姿,医药零售商
WBD,Warner Bros Discovery,娱乐
WBS,韦伯斯特金融,银行 - 地区性
WCC,西科国际,产业分布
WCN,Waste Connections,废物管理
WDAY,Workday,软件 - 应用
WDC,西部数据,电脑硬件
WDFC,WD-40,特种化学品
WELL,Welltower,房地产投资信托 - 医疗保健设施
WEN,温蒂汉堡,餐厅
WFC,富国银行,银行 - 多元化
WFG,西弗雷泽木业,木料和木材生产
WFRD,Weatherford国际,石油和天然气设备与服务
WGO,温尼巴格实业,休闲车
WHR,惠而浦,家具、固定装置和家电
WING,Wingstop,餐厅
WIRE,Encore缆线,电气设备及零件
WIX,Wix.com,软件 - 基础架构
WK,Workiva,软件 - 应用
WM,美国废物管理,废物管理
WMB,威廉姆斯,石油和天然气中游
WMG,华纳音乐,娱乐
WMT,沃尔玛,折扣店
WNC,Wabash国立,农用及重型工程机械
WPM,Wheaton Precious Metals,黄金
WRB,WR柏克利,保险 - 财产和伤亡
WRBY,Warby Parker,医疗设备和用品
WRK,WestRock,包装与容器
WRLD,环球验收,信贷服务
WSC,WillScot,租赁服务
WSFS,WSFS金融,银行 - 地区性
WSM,Williams-Sonoma,专业零售
WSO,华斯科,产业分布
WSR,Whitestone REIT,房地产投资信托 - 零售
WTW,韦莱韬悦,保险经纪人
WU,西联汇款,信贷服务
WVE,Wave Life Sciences,生物技术
WWW,沃尔弗林集团,鞋类及配件
WY,惠好,房地产投资信托 - 专业
WYNN,永利度假村,渡假村和赌场
X,美国钢铁,钢
XEL,埃克西尔能源,公用事业 - 受监管电力
XERS,Xeris制药,生物技术
XMTR,Xometry,特种工业机械
XOM,埃克森美孚,石油和天然气综合
XPEL,XPEL Inc,汽车零件
XRAY,登士柏,医疗设备和用品
YETI,YETI Holdings,休闲
YOU,Clear Secure,软件 - 应用
YUM,百胜餐饮,餐厅
YUMC,百胜中国,餐厅
YY,欢聚,互联网内容与信息
Z,Zillow-C,互联网内容与信息
ZBH,齐默巴奥米特控股,医疗设备
ZBRA,斑马技术,通讯设备
ZDGE,Zedge,互联网内容与信息
ZI,ZoomInfo,软件 - 应用
ZIMV,ZimVie,医疗设备
ZLAB,再鼎医药,生物技术
ZM,Zoom视频通讯,软件 - 应用
ZTS,Zoetis,药品制造商 - 专业和通用
ZUMZ,Zumiez,服装零售
ZUO,祖睿,软件 - 基础架构
